"Altitude","Density"
0,0.00237717
10,0.00237648
20,0.00237578
30,0.00237509
40,0.00237439
50,0.0023737
60,0.002373
70,0.00237231
80,0.00237161
90,0.00237092
100,0.00237023
110,0.00236953
120,0.00236884
130,0.00236814
140,0.00236745
150,0.00236676
160,0.00236606
170,0.00236537
180,0.00236468
190,0.00236399
200,0.00236329
210,0.0023626
220,0.00236191
230,0.00236122
240,0.00236052
250,0.00235983
260,0.00235914
270,0.00235845
280,0.00235776
290,0.00235707
300,0.00235638
310,0.00235568
320,0.00235499
330,0.0023543
340,0.00235361
350,0.00235292
360,0.00235223
370,0.00235154
380,0.00235085
390,0.00235016
400,0.00234947
410,0.00234878
420,0.0023481
430,0.00234741
440,0.00234672
450,0.00234603
460,0.00234534
470,0.00234465
480,0.00234396
490,0.00234328
500,0.00234259
510,0.0023419
520,0.00234121
530,0.00234052
540,0.00233984
550,0.00233915
560,0.00233846
570,0.00233778
580,0.00233709
590,0.0023364
600,0.00233572
610,0.00233503
620,0.00233434
630,0.00233366
640,0.00233297
650,0.00233229
660,0.0023316
670,0.00233092
680,0.00233023
690,0.00232955
700,0.00232886
710,0.00232818
720,0.00232749
730,0.00232681
740,0.00232612
750,0.00232544
760,0.00232476
770,0.00232407
780,0.00232339
790,0.00232271
800,0.00232202
810,0.00232134
820,0.00232066
830,0.00231997
840,0.00231929
850,0.00231861
860,0.00231793
870,0.00231724
880,0.00231656
890,0.00231588
900,0.0023152
910,0.00231452
920,0.00231383
930,0.00231315
940,0.00231247
950,0.00231179
960,0.00231111
970,0.00231043
980,0.00230975
990,0.00230907
1000,0.00230839
1010,0.00230771
1020,0.00230703
1030,0.00230635
1040,0.00230567
1050,0.00230499
1060,0.00230431
1070,0.00230363
1080,0.00230295
1090,0.00230227
1100,0.00230159
1110,0.00230092
1120,0.00230024
1130,0.00229956
1140,0.00229888
1150,0.0022982
1160,0.00229753
1170,0.00229685
1180,0.00229617
1190,0.00229549
1200,0.00229482
1210,0.00229414
1220,0.00229346
1230,0.00229279
1240,0.00229211
1250,0.00229143
1260,0.00229076
1270,0.00229008
1280,0.0022894
1290,0.00228873
1300,0.00228805
1310,0.00228738
1320,0.0022867
1330,0.00228603
1340,0.00228535
1350,0.00228468
1360,0.002284
1370,0.00228333
1380,0.00228265
1390,0.00228198
1400,0.0022813
1410,0.00228063
1420,0.00227996
1430,0.00227928
1440,0.00227861
1450,0.00227794
1460,0.00227726
1470,0.00227659
1480,0.00227592
1490,0.00227524
1500,0.00227457
1510,0.0022739
1520,0.00227323
1530,0.00227255
1540,0.00227188
1550,0.00227121
1560,0.00227054
1570,0.00226987
1580,0.0022692
1590,0.00226853
1600,0.00226785
1610,0.00226718
1620,0.00226651
1630,0.00226584
1640,0.00226517
1650,0.0022645
1660,0.00226383
1670,0.00226316
1680,0.00226249
1690,0.00226182
1700,0.00226115
1710,0.00226048
1720,0.00225981
1730,0.00225914
1740,0.00225848
1750,0.00225781
1760,0.00225714
1770,0.00225647
1780,0.0022558
1790,0.00225513
1800,0.00225446
1810,0.0022538
1820,0.00225313
1830,0.00225246
1840,0.00225179
1850,0.00225113
1860,0.00225046
1870,0.00224979
1880,0.00224913
1890,0.00224846
1900,0.00224779
1910,0.00224713
1920,0.00224646
1930,0.00224579
1940,0.00224513
1950,0.00224446
1960,0.0022438
1970,0.00224313
1980,0.00224247
1990,0.0022418
2000,0.00224114
2010,0.00224047
2020,0.00223981
2030,0.00223914
2040,0.00223848
2050,0.00223781
2060,0.00223715
2070,0.00223648
2080,0.00223582
2090,0.00223516
2100,0.00223449
2110,0.00223383
2120,0.00223317
2130,0.0022325
2140,0.00223184
2150,0.00223118
2160,0.00223052
2170,0.00222985
2180,0.00222919
2190,0.00222853
2200,0.00222787
2210,0.00222721
2220,0.00222654
2230,0.00222588
2240,0.00222522
2250,0.00222456
2260,0.0022239
2270,0.00222324
2280,0.00222258
2290,0.00222192
2300,0.00222126
2310,0.0022206
2320,0.00221993
2330,0.00221927
2340,0.00221861
2350,0.00221796
2360,0.0022173
2370,0.00221664
2380,0.00221598
2390,0.00221532
2400,0.00221466
2410,0.002214
2420,0.00221334
2430,0.00221268
2440,0.00221202
2450,0.00221137
2460,0.00221071
2470,0.00221005
2480,0.00220939
2490,0.00220873
2500,0.00220808
2510,0.00220742
2520,0.00220676
2530,0.00220611
2540,0.00220545
2550,0.00220479
2560,0.00220414
2570,0.00220348
2580,0.00220282
2590,0.00220217
2600,0.00220151
2610,0.00220085
2620,0.0022002
2630,0.00219954
2640,0.00219889
2650,0.00219823
2660,0.00219758
2670,0.00219692
2680,0.00219627
2690,0.00219561
2700,0.00219496
2710,0.0021943
2720,0.00219365
2730,0.002193
2740,0.00219234
2750,0.00219169
2760,0.00219103
2770,0.00219038
2780,0.00218973
2790,0.00218907
2800,0.00218842
2810,0.00218777
2820,0.00218712
2830,0.00218646
2840,0.00218581
2850,0.00218516
2860,0.00218451
2870,0.00218385
2880,0.0021832
2890,0.00218255
2900,0.0021819
2910,0.00218125
2920,0.0021806
2930,0.00217995
2940,0.0021793
2950,0.00217864
2960,0.00217799
2970,0.00217734
2980,0.00217669
2990,0.00217604
3000,0.00217539
3010,0.00217474
3020,0.00217409
3030,0.00217344
3040,0.00217279
3050,0.00217214
3060,0.0021715
3070,0.00217085
3080,0.0021702
3090,0.00216955
3100,0.0021689
3110,0.00216825
3120,0.0021676
3130,0.00216696
3140,0.00216631
3150,0.00216566
3160,0.00216501
3170,0.00216436
3180,0.00216372
3190,0.00216307
3200,0.00216242
3210,0.00216178
3220,0.00216113
3230,0.00216048
3240,0.00215984
3250,0.00215919
3260,0.00215854
3270,0.0021579
3280,0.00215725
3290,0.00215661
3300,0.00215596
3310,0.00215532
3320,0.00215467
3330,0.00215402
3340,0.00215338
3350,0.00215273
3360,0.00215209
3370,0.00215145
3380,0.0021508
3390,0.00215016
3400,0.00214951
3410,0.00214887
3420,0.00214823
3430,0.00214758
3440,0.00214694
3450,0.00214629
3460,0.00214565
3470,0.00214501
3480,0.00214437
3490,0.00214372
3500,0.00214308
3510,0.00214244
3520,0.0021418
3530,0.00214115
3540,0.00214051
3550,0.00213987
3560,0.00213923
3570,0.00213859
3580,0.00213794
3590,0.0021373
3600,0.00213666
3610,0.00213602
3620,0.00213538
3630,0.00213474
3640,0.0021341
3650,0.00213346
3660,0.00213282
3670,0.00213218
3680,0.00213154
3690,0.0021309
3700,0.00213026
3710,0.00212962
3720,0.00212898
3730,0.00212834
3740,0.0021277
3750,0.00212706
3760,0.00212642
3770,0.00212578
3780,0.00212515
3790,0.00212451
3800,0.00212387
3810,0.00212323
3820,0.00212259
3830,0.00212196
3840,0.00212132
3850,0.00212068
3860,0.00212004
3870,0.00211941
3880,0.00211877
3890,0.00211813
3900,0.0021175
3910,0.00211686
3920,0.00211622
3930,0.00211559
3940,0.00211495
3950,0.00211431
3960,0.00211368
3970,0.00211304
3980,0.00211241
3990,0.00211177
4000,0.00211114
4010,0.0021105
4020,0.00210987
4030,0.00210923
4040,0.0021086
4050,0.00210796
4060,0.00210733
4070,0.00210669
4080,0.00210606
4090,0.00210542
4100,0.00210479
4110,0.00210416
4120,0.00210352
4130,0.00210289
4140,0.00210226
4150,0.00210162
4160,0.00210099
4170,0.00210036
4180,0.00209973
4190,0.00209909
4200,0.00209846
4210,0.00209783
4220,0.0020972
4230,0.00209656
4240,0.00209593
4250,0.0020953
4260,0.00209467
4270,0.00209404
4280,0.00209341
4290,0.00209278
4300,0.00209214
4310,0.00209151
4320,0.00209088
4330,0.00209025
4340,0.00208962
4350,0.00208899
4360,0.00208836
4370,0.00208773
4380,0.0020871
4390,0.00208647
4400,0.00208584
4410,0.00208521
4420,0.00208458
4430,0.00208396
4440,0.00208333
4450,0.0020827
4460,0.00208207
4470,0.00208144
4480,0.00208081
4490,0.00208018
4500,0.00207956
4510,0.00207893
4520,0.0020783
4530,0.00207767
4540,0.00207705
4550,0.00207642
4560,0.00207579
4570,0.00207516
4580,0.00207454
4590,0.00207391
4600,0.00207328
4610,0.00207266
4620,0.00207203
4630,0.00207141
4640,0.00207078
4650,0.00207015
4660,0.00206953
4670,0.0020689
4680,0.00206828
4690,0.00206765
4700,0.00206703
4710,0.0020664
4720,0.00206578
4730,0.00206515
4740,0.00206453
4750,0.0020639
4760,0.00206328
4770,0.00206266
4780,0.00206203
4790,0.00206141
4800,0.00206078
4810,0.00206016
4820,0.00205954
4830,0.00205891
4840,0.00205829
4850,0.00205767
4860,0.00205704
4870,0.00205642
4880,0.0020558
4890,0.00205518
4900,0.00205455
4910,0.00205393
4920,0.00205331
4930,0.00205269
4940,0.00205207
4950,0.00205145
4960,0.00205082
4970,0.0020502
4980,0.00204958
4990,0.00204896
5000,0.00204834
5010,0.00204772
5020,0.0020471
5030,0.00204648
5040,0.00204586
5050,0.00204524
5060,0.00204462
5070,0.002044
5080,0.00204338
5090,0.00204276
5100,0.00204214
5110,0.00204152
5120,0.0020409
5130,0.00204028
5140,0.00203966
5150,0.00203905
5160,0.00203843
5170,0.00203781
5180,0.00203719
5190,0.00203657
5200,0.00203595
5210,0.00203534
5220,0.00203472
5230,0.0020341
5240,0.00203348
5250,0.00203287
5260,0.00203225
5270,0.00203163
5280,0.00203102
5290,0.0020304
5300,0.00202978
5310,0.00202917
5320,0.00202855
5330,0.00202793
5340,0.00202732
5350,0.0020267
5360,0.00202609
5370,0.00202547
5380,0.00202486
5390,0.00202424
5400,0.00202363
5410,0.00202301
5420,0.0020224
5430,0.00202178
5440,0.00202117
5450,0.00202055
5460,0.00201994
5470,0.00201933
5480,0.00201871
5490,0.0020181
5500,0.00201748
5510,0.00201687
5520,0.00201626
5530,0.00201564
5540,0.00201503
5550,0.00201442
5560,0.00201381
5570,0.00201319
5580,0.00201258
5590,0.00201197
5600,0.00201136
5610,0.00201074
5620,0.00201013
5630,0.00200952
5640,0.00200891
5650,0.0020083
5660,0.00200769
5670,0.00200707
5680,0.00200646
5690,0.00200585
5700,0.00200524
5710,0.00200463
5720,0.00200402
5730,0.00200341
5740,0.0020028
5750,0.00200219
5760,0.00200158
5770,0.00200097
5780,0.00200036
5790,0.00199975
5800,0.00199914
5810,0.00199853
5820,0.00199792
5830,0.00199731
5840,0.00199671
5850,0.0019961
5860,0.00199549
5870,0.00199488
5880,0.00199427
5890,0.00199366
5900,0.00199306
5910,0.00199245
5920,0.00199184
5930,0.00199123
5940,0.00199063
5950,0.00199002
5960,0.00198941
5970,0.0019888
5980,0.0019882
5990,0.00198759
6000,0.00198698
6010,0.00198638
6020,0.00198577
6030,0.00198517
6040,0.00198456
6050,0.00198395
6060,0.00198335
6070,0.00198274
6080,0.00198214
6090,0.00198153
6100,0.00198093
6110,0.00198032
6120,0.00197972
6130,0.00197911
6140,0.00197851
6150,0.0019779
6160,0.0019773
6170,0.0019767
6180,0.00197609
6190,0.00197549
6200,0.00197488
6210,0.00197428
6220,0.00197368
6230,0.00197307
6240,0.00197247
6250,0.00197187
6260,0.00197126
6270,0.00197066
6280,0.00197006
6290,0.00196946
6300,0.00196885
6310,0.00196825
6320,0.00196765
6330,0.00196705
6340,0.00196645
6350,0.00196585
6360,0.00196524
6370,0.00196464
6380,0.00196404
6390,0.00196344
6400,0.00196284
6410,0.00196224
6420,0.00196164
6430,0.00196104
6440,0.00196044
6450,0.00195984
6460,0.00195924
6470,0.00195864
6480,0.00195804
6490,0.00195744
6500,0.00195684
6510,0.00195624
6520,0.00195564
6530,0.00195504
6540,0.00195444
6550,0.00195384
6560,0.00195324
6570,0.00195265
6580,0.00195205
6590,0.00195145
6600,0.00195085
6610,0.00195025
6620,0.00194966
6630,0.00194906
6640,0.00194846
6650,0.00194786
6660,0.00194727
6670,0.00194667
6680,0.00194607
6690,0.00194548
6700,0.00194488
6710,0.00194428
6720,0.00194369
6730,0.00194309
6740,0.00194249
6750,0.0019419
6760,0.0019413
6770,0.00194071
6780,0.00194011
6790,0.00193952
6800,0.00193892
6810,0.00193833
6820,0.00193773
6830,0.00193714
6840,0.00193654
6850,0.00193595
6860,0.00193535
6870,0.00193476
6880,0.00193416
6890,0.00193357
6900,0.00193298
6910,0.00193238
6920,0.00193179
6930,0.00193119
6940,0.0019306
6950,0.00193001
6960,0.00192942
6970,0.00192882
6980,0.00192823
6990,0.00192764
7000,0.00192704
7010,0.00192645
7020,0.00192586
7030,0.00192527
7040,0.00192468
7050,0.00192408
7060,0.00192349
7070,0.0019229
7080,0.00192231
7090,0.00192172
7100,0.00192113
7110,0.00192054
7120,0.00191995
7130,0.00191935
7140,0.00191876
7150,0.00191817
7160,0.00191758
7170,0.00191699
7180,0.0019164
7190,0.00191581
7200,0.00191522
7210,0.00191463
7220,0.00191405
7230,0.00191346
7240,0.00191287
7250,0.00191228
7260,0.00191169
7270,0.0019111
7280,0.00191051
7290,0.00190992
7300,0.00190934
7310,0.00190875
7320,0.00190816
7330,0.00190757
7340,0.00190698
7350,0.0019064
7360,0.00190581
7370,0.00190522
7380,0.00190463
7390,0.00190405
7400,0.00190346
7410,0.00190287
7420,0.00190229
7430,0.0019017
7440,0.00190111
7450,0.00190053
7460,0.00189994
7470,0.00189936
7480,0.00189877
7490,0.00189818
7500,0.0018976
7510,0.00189701
7520,0.00189643
7530,0.00189584
7540,0.00189526
7550,0.00189467
7560,0.00189409
7570,0.0018935
7580,0.00189292
7590,0.00189233
7600,0.00189175
7610,0.00189117
7620,0.00189058
7630,0.00189
7640,0.00188942
7650,0.00188883
7660,0.00188825
7670,0.00188767
7680,0.00188708
7690,0.0018865
7700,0.00188592
7710,0.00188533
7720,0.00188475
7730,0.00188417
7740,0.00188359
7750,0.001883
7760,0.00188242
7770,0.00188184
7780,0.00188126
7790,0.00188068
7800,0.0018801
7810,0.00187952
7820,0.00187893
7830,0.00187835
7840,0.00187777
7850,0.00187719
7860,0.00187661
7870,0.00187603
7880,0.00187545
7890,0.00187487
7900,0.00187429
7910,0.00187371
7920,0.00187313
7930,0.00187255
7940,0.00187197
7950,0.00187139
7960,0.00187081
7970,0.00187023
7980,0.00186965
7990,0.00186908
8000,0.0018685
8010,0.00186792
8020,0.00186734
8030,0.00186676
8040,0.00186618
8050,0.00186561
8060,0.00186503
8070,0.00186445
8080,0.00186387
8090,0.0018633
8100,0.00186272
8110,0.00186214
8120,0.00186156
8130,0.00186099
8140,0.00186041
8150,0.00185983
8160,0.00185926
8170,0.00185868
8180,0.00185811
8190,0.00185753
8200,0.00185695
8210,0.00185638
8220,0.0018558
8230,0.00185523
8240,0.00185465
8250,0.00185408
8260,0.0018535
8270,0.00185293
8280,0.00185235
8290,0.00185178
8300,0.0018512
8310,0.00185063
8320,0.00185005
8330,0.00184948
8340,0.0018489
8350,0.00184833
8360,0.00184776
8370,0.00184718
8380,0.00184661
8390,0.00184604
8400,0.00184546
8410,0.00184489
8420,0.00184432
8430,0.00184375
8440,0.00184317
8450,0.0018426
8460,0.00184203
8470,0.00184146
8480,0.00184088
8490,0.00184031
8500,0.00183974
8510,0.00183917
8520,0.0018386
8530,0.00183802
8540,0.00183745
8550,0.00183688
8560,0.00183631
8570,0.00183574
8580,0.00183517
8590,0.0018346
8600,0.00183403
8610,0.00183346
8620,0.00183289
8630,0.00183232
8640,0.00183175
8650,0.00183118
8660,0.00183061
8670,0.00183004
8680,0.00182947
8690,0.0018289
8700,0.00182833
8710,0.00182776
8720,0.00182719
8730,0.00182663
8740,0.00182606
8750,0.00182549
8760,0.00182492
8770,0.00182435
8780,0.00182378
8790,0.00182322
8800,0.00182265
8810,0.00182208
8820,0.00182151
8830,0.00182095
8840,0.00182038
8850,0.00181981
8860,0.00181924
8870,0.00181868
8880,0.00181811
8890,0.00181754
8900,0.00181698
8910,0.00181641
8920,0.00181585
8930,0.00181528
8940,0.00181471
8950,0.00181415
8960,0.00181358
8970,0.00181302
8980,0.00181245
8990,0.00181189
9000,0.00181132
9010,0.00181076
9020,0.00181019
9030,0.00180963
9040,0.00180906
9050,0.0018085
9060,0.00180793
9070,0.00180737
9080,0.00180681
9090,0.00180624
9100,0.00180568
9110,0.00180511
9120,0.00180455
9130,0.00180399
9140,0.00180342
9150,0.00180286
9160,0.0018023
9170,0.00180174
9180,0.00180117
9190,0.00180061
9200,0.00180005
9210,0.00179949
9220,0.00179892
9230,0.00179836
9240,0.0017978
9250,0.00179724
9260,0.00179668
9270,0.00179612
9280,0.00179555
9290,0.00179499
9300,0.00179443
9310,0.00179387
9320,0.00179331
9330,0.00179275
9340,0.00179219
9350,0.00179163
9360,0.00179107
9370,0.00179051
9380,0.00178995
9390,0.00178939
9400,0.00178883
9410,0.00178827
9420,0.00178771
9430,0.00178715
9440,0.00178659
9450,0.00178603
9460,0.00178547
9470,0.00178492
9480,0.00178436
9490,0.0017838
9500,0.00178324
9510,0.00178268
9520,0.00178212
9530,0.00178157
9540,0.00178101
9550,0.00178045
9560,0.00177989
9570,0.00177934
9580,0.00177878
9590,0.00177822
9600,0.00177766
9610,0.00177711
9620,0.00177655
9630,0.00177599
9640,0.00177544
9650,0.00177488
9660,0.00177433
9670,0.00177377
9680,0.00177321
9690,0.00177266
9700,0.0017721
9710,0.00177155
9720,0.00177099
9730,0.00177044
9740,0.00176988
9750,0.00176933
9760,0.00176877
9770,0.00176822
9780,0.00176766
9790,0.00176711
9800,0.00176655
9810,0.001766
9820,0.00176544
9830,0.00176489
9840,0.00176434
9850,0.00176378
9860,0.00176323
9870,0.00176268
9880,0.00176212
9890,0.00176157
9900,0.00176102
9910,0.00176046
9920,0.00175991
9930,0.00175936
9940,0.00175881
9950,0.00175825
9960,0.0017577
9970,0.00175715
9980,0.0017566
9990,0.00175605
10000,0.00175549
10010,0.00175494
10020,0.00175439
10030,0.00175384
10040,0.00175329
10050,0.00175274
10060,0.00175219
10070,0.00175164
10080,0.00175108
10090,0.00175053
10100,0.00174998
10110,0.00174943
10120,0.00174888
10130,0.00174833
10140,0.00174778
10150,0.00174723
10160,0.00174668
10170,0.00174614
10180,0.00174559
10190,0.00174504
10200,0.00174449
10210,0.00174394
10220,0.00174339
10230,0.00174284
10240,0.00174229
10250,0.00174174
10260,0.0017412
10270,0.00174065
10280,0.0017401
10290,0.00173955
10300,0.001739
10310,0.00173846
10320,0.00173791
10330,0.00173736
10340,0.00173682
10350,0.00173627
10360,0.00173572
10370,0.00173517
10380,0.00173463
10390,0.00173408
10400,0.00173353
10410,0.00173299
10420,0.00173244
10430,0.0017319
10440,0.00173135
10450,0.0017308
10460,0.00173026
10470,0.00172971
10480,0.00172917
10490,0.00172862
10500,0.00172808
10510,0.00172753
10520,0.00172699
10530,0.00172644
10540,0.0017259
10550,0.00172535
10560,0.00172481
10570,0.00172427
10580,0.00172372
10590,0.00172318
10600,0.00172263
10610,0.00172209
10620,0.00172155
10630,0.001721
10640,0.00172046
10650,0.00171992
10660,0.00171937
10670,0.00171883
10680,0.00171829
10690,0.00171775
10700,0.0017172
10710,0.00171666
10720,0.00171612
10730,0.00171558
10740,0.00171504
10750,0.00171449
10760,0.00171395
10770,0.00171341
10780,0.00171287
10790,0.00171233
10800,0.00171179
10810,0.00171125
10820,0.0017107
10830,0.00171016
10840,0.00170962
10850,0.00170908
10860,0.00170854
10870,0.001708
10880,0.00170746
10890,0.00170692
10900,0.00170638
10910,0.00170584
10920,0.0017053
10930,0.00170476
10940,0.00170422
10950,0.00170369
10960,0.00170315
10970,0.00170261
10980,0.00170207
10990,0.00170153
11000,0.00170099
11010,0.00170045
11020,0.00169991
11030,0.00169938
11040,0.00169884
11050,0.0016983
11060,0.00169776
11070,0.00169723
11080,0.00169669
11090,0.00169615
11100,0.00169561
11110,0.00169508
11120,0.00169454
11130,0.001694
11140,0.00169347
11150,0.00169293
11160,0.00169239
11170,0.00169186
11180,0.00169132
11190,0.00169078
11200,0.00169025
11210,0.00168971
11220,0.00168918
11230,0.00168864
11240,0.00168811
11250,0.00168757
11260,0.00168704
11270,0.0016865
11280,0.00168597
11290,0.00168543
11300,0.0016849
11310,0.00168436
11320,0.00168383
11330,0.00168329
11340,0.00168276
11350,0.00168222
11360,0.00168169
11370,0.00168116
11380,0.00168062
11390,0.00168009
11400,0.00167956
11410,0.00167902
11420,0.00167849
11430,0.00167796
11440,0.00167742
11450,0.00167689
11460,0.00167636
11470,0.00167583
11480,0.0016753
11490,0.00167476
11500,0.00167423
11510,0.0016737
11520,0.00167317
11530,0.00167264
11540,0.0016721
11550,0.00167157
11560,0.00167104
11570,0.00167051
11580,0.00166998
11590,0.00166945
11600,0.00166892
11610,0.00166839
11620,0.00166786
11630,0.00166733
11640,0.0016668
11650,0.00166627
11660,0.00166574
11670,0.00166521
11680,0.00166468
11690,0.00166415
11700,0.00166362
11710,0.00166309
11720,0.00166256
11730,0.00166203
11740,0.0016615
11750,0.00166097
11760,0.00166044
11770,0.00165991
11780,0.00165939
11790,0.00165886
11800,0.00165833
11810,0.0016578
11820,0.00165727
11830,0.00165675
11840,0.00165622
11850,0.00165569
11860,0.00165516
11870,0.00165464
11880,0.00165411
11890,0.00165358
11900,0.00165306
11910,0.00165253
11920,0.001652
11930,0.00165148
11940,0.00165095
11950,0.00165042
11960,0.0016499
11970,0.00164937
11980,0.00164884
11990,0.00164832
12000,0.00164779
12010,0.00164727
12020,0.00164674
12030,0.00164622
12040,0.00164569
12050,0.00164517
12060,0.00164464
12070,0.00164412
12080,0.00164359
12090,0.00164307
12100,0.00164254
12110,0.00164202
12120,0.0016415
12130,0.00164097
12140,0.00164045
12150,0.00163992
12160,0.0016394
12170,0.00163888
12180,0.00163835
12190,0.00163783
12200,0.00163731
12210,0.00163679
12220,0.00163626
12230,0.00163574
12240,0.00163522
12250,0.0016347
12260,0.00163417
12270,0.00163365
12280,0.00163313
12290,0.00163261
12300,0.00163209
12310,0.00163156
12320,0.00163104
12330,0.00163052
12340,0.00163
12350,0.00162948
12360,0.00162896
12370,0.00162844
12380,0.00162792
12390,0.0016274
12400,0.00162687
12410,0.00162635
12420,0.00162583
12430,0.00162531
12440,0.00162479
12450,0.00162427
12460,0.00162375
12470,0.00162323
12480,0.00162272
12490,0.0016222
12500,0.00162168
12510,0.00162116
12520,0.00162064
12530,0.00162012
12540,0.0016196
12550,0.00161908
12560,0.00161856
12570,0.00161805
12580,0.00161753
12590,0.00161701
12600,0.00161649
12610,0.00161597
12620,0.00161546
12630,0.00161494
12640,0.00161442
12650,0.0016139
12660,0.00161339
12670,0.00161287
12680,0.00161235
12690,0.00161184
12700,0.00161132
12710,0.0016108
12720,0.00161029
12730,0.00160977
12740,0.00160925
12750,0.00160874
12760,0.00160822
12770,0.00160771
12780,0.00160719
12790,0.00160667
12800,0.00160616
12810,0.00160564
12820,0.00160513
12830,0.00160461
12840,0.0016041
12850,0.00160358
12860,0.00160307
12870,0.00160256
12880,0.00160204
12890,0.00160153
12900,0.00160101
12910,0.0016005
12920,0.00159998
12930,0.00159947
12940,0.00159896
12950,0.00159844
12960,0.00159793
12970,0.00159742
12980,0.0015969
12990,0.00159639
13000,0.00159588
13010,0.00159537
13020,0.00159485
13030,0.00159434
13040,0.00159383
13050,0.00159332
13060,0.0015928
13070,0.00159229
13080,0.00159178
13090,0.00159127
13100,0.00159076
13110,0.00159024
13120,0.00158973
13130,0.00158922
13140,0.00158871
13150,0.0015882
13160,0.00158769
13170,0.00158718
13180,0.00158667
13190,0.00158616
13200,0.00158565
13210,0.00158514
13220,0.00158463
13230,0.00158412
13240,0.00158361
13250,0.0015831
13260,0.00158259
13270,0.00158208
13280,0.00158157
13290,0.00158106
13300,0.00158055
13310,0.00158004
13320,0.00157953
13330,0.00157902
13340,0.00157851
13350,0.00157801
13360,0.0015775
13370,0.00157699
13380,0.00157648
13390,0.00157597
13400,0.00157547
13410,0.00157496
13420,0.00157445
13430,0.00157394
13440,0.00157344
13450,0.00157293
13460,0.00157242
13470,0.00157191
13480,0.00157141
13490,0.0015709
13500,0.00157039
13510,0.00156989
13520,0.00156938
13530,0.00156888
13540,0.00156837
13550,0.00156786
13560,0.00156736
13570,0.00156685
13580,0.00156635
13590,0.00156584
13600,0.00156534
13610,0.00156483
13620,0.00156432
13630,0.00156382
13640,0.00156331
13650,0.00156281
13660,0.00156231
13670,0.0015618
13680,0.0015613
13690,0.00156079
13700,0.00156029
13710,0.00155978
13720,0.00155928
13730,0.00155878
13740,0.00155827
13750,0.00155777
13760,0.00155727
13770,0.00155676
13780,0.00155626
13790,0.00155576
13800,0.00155525
13810,0.00155475
13820,0.00155425
13830,0.00155375
13840,0.00155324
13850,0.00155274
13860,0.00155224
13870,0.00155174
13880,0.00155124
13890,0.00155073
13900,0.00155023
13910,0.00154973
13920,0.00154923
13930,0.00154873
13940,0.00154823
13950,0.00154773
13960,0.00154723
13970,0.00154672
13980,0.00154622
13990,0.00154572
14000,0.00154522
14010,0.00154472
14020,0.00154422
14030,0.00154372
14040,0.00154322
14050,0.00154272
14060,0.00154222
14070,0.00154172
14080,0.00154122
14090,0.00154073
14100,0.00154023
14110,0.00153973
14120,0.00153923
14130,0.00153873
14140,0.00153823
14150,0.00153773
14160,0.00153723
14170,0.00153674
14180,0.00153624
14190,0.00153574
14200,0.00153524
14210,0.00153474
14220,0.00153425
14230,0.00153375
14240,0.00153325
14250,0.00153275
14260,0.00153226
14270,0.00153176
14280,0.00153126
14290,0.00153077
14300,0.00153027
14310,0.00152977
14320,0.00152928
14330,0.00152878
14340,0.00152828
14350,0.00152779
14360,0.00152729
14370,0.0015268
14380,0.0015263
14390,0.0015258
14400,0.00152531
14410,0.00152481
14420,0.00152432
14430,0.00152382
14440,0.00152333
14450,0.00152283
14460,0.00152234
14470,0.00152184
14480,0.00152135
14490,0.00152086
14500,0.00152036
14510,0.00151987
14520,0.00151937
14530,0.00151888
14540,0.00151839
14550,0.00151789
14560,0.0015174
14570,0.00151691
14580,0.00151641
14590,0.00151592
14600,0.00151543
14610,0.00151493
14620,0.00151444
14630,0.00151395
14640,0.00151346
14650,0.00151296
14660,0.00151247
14670,0.00151198
14680,0.00151149
14690,0.00151099
14700,0.0015105
14710,0.00151001
14720,0.00150952
14730,0.00150903
14740,0.00150854
14750,0.00150805
14760,0.00150756
14770,0.00150706
14780,0.00150657
14790,0.00150608
14800,0.00150559
14810,0.0015051
14820,0.00150461
14830,0.00150412
14840,0.00150363
14850,0.00150314
14860,0.00150265
14870,0.00150216
14880,0.00150167
14890,0.00150118
14900,0.00150069
14910,0.0015002
14920,0.00149972
14930,0.00149923
14940,0.00149874
14950,0.00149825
14960,0.00149776
14970,0.00149727
14980,0.00149678
14990,0.0014963
15000,0.0014958
15500,0.00147156
16000,0.00144761
16500,0.00142396
17000,0.00140061
17500,0.00137755
18000,0.00135479
18500,0.00133231
19000,0.00131012
19500,0.00128821
20000,0.00126659
20500,0.00124524
21000,0.00122417
21500,0.00120337
22000,0.00118285
22500,0.00116259
23000,0.0011426
23500,0.00112287
24000,0.00110341
24500,0.00108421
25000,0.00106526
25500,0.00104656
26000,0.00102812
26500,0.00100993
27000,0.000991984
27500,0.000974284
28000,0.000956827
28500,0.00093961
29000,0.000922631
29500,0.000905888
30000,0.000889378
30500,0.000873099
31000,0.00085705
31500,0.000841227
32000,0.000825628
32500,0.000810252
33000,0.000795096
33500,0.000780157
34000,0.000765434
34500,0.000750925
35000,0.000736627
35500,0.000722539
36000,0.000708657
36500,0.000692396
37000,0.000675954
37500,0.000659904
38000,0.000644234
38500,0.000628937
39000,0.000614002
39500,0.000599423
40000,0.000585189
40500,0.000571294
41000,0.000557728
41500,0.000544485
42000,0.000531556
42500,0.000518934
43000,0.000506612
43500,0.000494582
44000,0.000482838
44500,0.000471373
45000,0.00046018
45500,0.000449253
46000,0.000438586
46500,0.000428171
47000,0.000418004
47500,0.000408079
48000,0.000398389
48500,0.000388929
49000,0.000379694
49500,0.000370678
50000,0.000361876
50500,0.000353283
51000,0.000344894
51500,0.000336705
52000,0.000328709
52500,0.000320904
53000,0.000313284
53500,0.000305845
54000,0.000298583
54500,0.000291493
55000,0.000284571
55500,0.000277814
56000,0.000271217
56500,0.000264777
57000,0.00025849
57500,0.000252352
58000,0.00024636
58500,0.00024051
59000,0.000234799
59500,0.000229224
60000,0.000223781
60500,0.000218467
61000,0.000213279
61500,0.000208215
62000,0.000203271
62500,0.000198444
63000,0.000193732
63500,0.000189132
64000,0.000184641
64500,0.000180257
65000,0.000175976
65500,0.000171798
66000,0.000167629
66500,0.000163537
67000,0.000159548
67500,0.000155659
68000,0.000151867
68500,0.00014817
69000,0.000144566
69500,0.000141051
70000,0.000137625
70500,0.000134284
71000,0.000131026
71500,0.00012785
72000,0.000124753
72500,0.000121733
73000,0.000118788
73500,0.000115916
74000,0.000113116
74500,0.000110385
75000,0.000107722
75500,0.000105125
76000,0.000102592
76500,0.000100122
77000,0.0000977131
77500,0.0000953638
78000,0.0000930725
78500,0.0000908378
79000,0.0000886582
79500,0.0000865324
80000,0.000084459
80500,0.0000824367
81000,0.0000804641
81500,0.00007854
82000,0.0000766632
82500,0.0000748325
83000,0.0000730467
83500,0.0000713047
84000,0.0000696054
84500,0.0000679478
85000,0.0000663307
85500,0.0000647532
86000,0.0000632142
86500,0.0000617128
87000,0.0000602481
87500,0.000058819
88000,0.0000574249
88500,0.0000560647
89000,0.0000547376
89500,0.0000534428
90000,0.0000521794
90500,0.0000509468
91000,0.0000497441
91500,0.0000485705
92000,0.0000474254
92500,0.0000463081
93000,0.0000452178
93500,0.0000441539
94000,0.0000431158
94500,0.0000421027
95000,0.000041114
95500,0.0000401493
96000,0.0000392078
96500,0.000038289
97000,0.0000373923
97500,0.0000365172
98000,0.0000356632
98500,0.0000348297
99000,0.0000340162
99500,0.0000332222
100000,0.0000324473
100500,0.0000316909
101000,0.0000309527
101500,0.0000302321
102000,0.0000295288
102500,0.0000288423
103000,0.0000281722
103500,0.0000275182
104000,0.0000268797
104500,0.0000262564
105000,0.0000256472
105500,0.0000250237
106000,0.0000244164
106500,0.000023825
107000,0.0000232489
107500,0.0000226878
108000,0.0000221413
108500,0.0000216088
109000,0.0000210902
109500,0.0000205849
110000,0.0000200926
110500,0.0000196129
111000,0.0000191455
111500,0.0000186901
112000,0.0000182464
112500,0.0000178139
113000,0.0000173924
113500,0.0000169817
114000,0.0000165814
114500,0.0000161912
115000,0.0000158108
115500,0.0000154401
116000,0.0000150787
116500,0.0000147264
117000,0.0000143829
117500,0.000014048
118000,0.0000137215
118500,0.0000134032
119000,0.0000130927
119500,0.00001279
120000,0.0000124948
120500,0.000012207
121000,0.0000119262
121500,0.0000116524
122000,0.0000113853
122500,0.0000111248
123000,0.0000108708
123500,0.0000106229
124000,0.0000103811
124500,0.0000101452
125000,0.0000099151
125500,0.00000969058
126000,0.00000947152
126500,0.00000925778
127000,0.00000904922
127500,0.0000088457
128000,0.0000086471
128500,0.00000845329
129000,0.00000826415
129500,0.00000807954
130000,0.00000789937
130500,0.00000772351
131000,0.00000755186
131500,0.0000073843
132000,0.00000722074
132500,0.00000706107
133000,0.00000690519
133500,0.000006753
134000,0.00000660442
134500,0.00000645935
135000,0.0000063177
135500,0.00000617938
136000,0.00000604432
136500,0.00000591243
137000,0.00000578363
137500,0.00000565784
138000,0.00000553499
138500,0.00000541501
139000,0.00000529782
139500,0.00000518335
140000,0.00000507154
140500,0.00000496232
141000,0.00000485563
141500,0.00000475139
142000,0.00000464957
142500,0.00000455008
143000,0.00000445289
143500,0.00000435792
144000,0.00000426513
144500,0.00000417446
145000,0.00000408586
145500,0.00000399928
146000,0.00000391467
146500,0.00000383198
147000,0.00000375117
147500,0.00000367219
148000,0.00000359499
148500,0.00000351954
149000,0.00000344579
149500,0.0000033737
150000,0.00000330323
150500,0.00000323433
151000,0.00000316699
151500,0.00000310115
152000,0.00000303678
152500,0.00000297384
153000,0.0000029123
153500,0.00000285214
154000,0.00000279331
154500,0.00000273835
155000,0.00000268618
155500,0.000002635
156000,0.0000025848
156500,0.00000253555
157000,0.00000248724
157500,0.00000243985
158000,0.00000239336
158500,0.00000234776
159000,0.00000230303
159500,0.00000225915
160000,0.0000022161
160500,0.00000217388
161000,0.00000213246
161500,0.00000209183
162000,0.00000205198
162500,0.00000201288
163000,0.00000197453
163500,0.00000193691
164000,0.0000019
164500,0.0000018638
165000,0.00000182829
165500,0.00000179346
166000,0.00000175929
166500,0.00000172577
167000,0.00000169289
167500,0.00000166156
168000,0.00000163243
168500,0.00000160377
169000,0.00000157557
169500,0.00000154782
170000,0.00000152052
170500,0.00000149366
171000,0.00000146723
171500,0.00000144123
172000,0.00000141564
172500,0.00000139047
173000,0.00000136571
173500,0.00000134135
174000,0.00000131739
174500,0.00000129382
175000,0.00000127063
175500,0.00000124783
176000,0.00000122539
176500,0.00000120333
177000,0.00000118162
177500,0.00000116027
178000,0.00000113928
178500,0.00000111863
179000,0.00000109832
179500,0.00000107835
180000,0.00000105871
180500,0.0000010394
181000,0.00000102041
181500,0.00000100173
182000,9.83E-07
182500,9.65E-07
183000,9.48E-07
183500,9.30E-07
184000,9.13E-07
184500,8.96E-07
185000,8.79E-07
185500,8.63E-07
186000,8.47E-07
186500,8.31E-07
187000,8.16E-07
187500,8.01E-07
188000,7.86E-07
188500,7.71E-07
189000,7.56E-07
189500,7.42E-07
190000,7.28E-07
190500,7.15E-07
191000,7.01E-07
191500,6.88E-07
192000,6.75E-07
192500,6.62E-07
193000,6.49E-07
193500,6.37E-07
194000,6.25E-07
194500,6.13E-07
195000,6.01E-07
195500,5.90E-07
196000,5.78E-07
196500,5.67E-07
197000,5.56E-07
197500,5.46E-07
198000,5.35E-07
198500,5.25E-07
199000,5.14E-07
199500,5.04E-07
200000,4.94576e-